time,latitude,longitude,depth,mag,magType,nst,gap,dmin,rms,net,id,updated,place,type,horizontalError,depthError,magError,magNst,status,locationSource,magSource
2025-01-30T07:16:17.282Z,23.163,120.5711,10,5,mb,67,44,0.147,0.9,us,us7000p9zz,2025-04-15T20:55:24.040Z,"12 km ENE of Yujing, Taiwan",earthquake,3.88,1.845,0.079,51,reviewed,us,us
2025-01-30T04:40:08.488Z,62.9564,-156.323,10.4,5.2,mww,,,,0.87,ak,ak0251doqqfp,2025-08-28T04:50:13.590Z,"13 km WSW of Takotna, Alaska",earthquake,,0.2,,,reviewed,ak,ak
2025-01-30T02:18:23.443Z,-2.8186,126.848,10,5.1,mb,54,37,3.488,0.76,us,us7000p9yk,2025-04-15T20:55:24.040Z,"128 km SE of Sanana, Indonesia",earthquake,7.12,1.887,0.091,39,reviewed,us,us
2025-01-30T02:11:53.748Z,23.1643,120.5775,10,5.1,mww,154,49,0.144,0.69,us,us7000p9yj,2025-04-15T20:55:24.040Z,"12 km ENE of Yujing, Taiwan",earthquake,4.94,1.808,0.075,17,reviewed,us,us
2025-01-29T01:32:59.462Z,-53.41,-41.5824,10,5.2,mww,100,41,3.142,0.82,us,us7000p9qx,2025-04-15T20:55:23.040Z,"South Atlantic Ocean",earthquake,9.02,1.85,0.139,5,reviewed,us,us
2025-01-29T00:50:41.149Z,-3.9642,121.8691,10.08,5,mww,67,74,1.281,0.78,us,us7000p9qm,2025-04-15T20:55:23.040Z,"71 km W of Kendari, Indonesia",earthquake,4.71,3.682,0.083,14,reviewed,us,us
2025-01-28T21:06:28.350Z,-18.5354,-173.964,38.759,5,mb,28,81,3.861,0.73,us,us7000p9p7,2025-04-08T22:01:02.040Z,"13 km N of Neiafu, Tonga",earthquake,12.21,7.852,0.109,27,reviewed,us,us
2025-01-28T14:53:34.578Z,0.4934,121.1903,99.753,5.4,mww,253,35,0.737,0.82,us,us6000pmsr,2025-04-08T22:01:02.040Z,"208 km W of Gorontalo, Indonesia",earthquake,4.93,3.536,0.048,42,reviewed,us,us
2025-01-28T10:26:32.394Z,-40.7113,175.886,46.425,5.2,mb,71,51,0.239,0.55,us,us6000pmru,2025-04-08T22:01:02.040Z,"22 km NE of Kopuaranga, New Zealand",earthquake,4.84,3.764,0.081,50,reviewed,us,us
2025-01-28T10:23:33.946Z,-30.3993,-178.067,62.824,5.2,mb,101,67,1.141,0.57,us,us6000pmrw,2025-04-08T22:01:02.040Z,"Kermadec Islands, New Zealand",earthquake,10.68,6.632,0.044,166,reviewed,us,us
2025-01-28T06:52:38.866Z,-28.0098,-176.486,13,5.8,mww,83,69,1.767,0.91,us,us6000pmqw,2025-04-08T22:01:02.040Z,"Kermadec Islands region",earthquake,10.04,1.796,0.051,37,reviewed,us,us
2025-01-28T05:09:28.930Z,-14.3941,-76.2983,12.355,5,mww,84,83,2.45,0.81,us,us6000pmqh,2025-04-08T22:01:02.040Z,"58 km S of Paracas, Peru",earthquake,9.07,3.782,0.08,15,reviewed,us,us
2025-01-28T00:59:48.054Z,-41.1978,-90.224,10,5.6,mww,97,26,11.778,0.59,us,us6000pmpq,2025-04-08T22:01:02.040Z,"southeast of Easter Island",earthquake,10.5,1.728,0.04,61,reviewed,us,us
2025-01-28T00:29:10.021Z,-41.1647,-90.539,10,5.1,mww,70,58,14.622,0.88,us,us6000pmpi,2025-04-08T22:01:02.040Z,"southeast of Easter Island",earthquake,13.79,1.808,0.065,23,reviewed,us,us
2025-01-27T14:51:23.500Z,18.0413,146.0169,143.939,5.3,mww,139,27,2.793,0.99,us,us6000pmjt,2025-08-25T15:01:28.383Z,"Pagan region, Northern Mariana Islands",earthquake,8.78,4.305,0.066,22,reviewed,us,us
2025-01-27T06:55:03.657Z,-17.7376,168.0815,35,5.1,mww,136,78,2.428,0.5,us,us6000pmix,2025-04-08T22:01:01.040Z,"24 km W of Port-Vila, Vanuatu",earthquake,7.81,1.845,0.08,15,reviewed,us,us
2025-01-27T00:18:49.485Z,22.7251,121.0882,10,5,mb,82,87,0.092,0.64,us,us6000pmhf,2025-04-08T22:01:01.040Z,"71 km ENE of Donggang, Taiwan",earthquake,5.23,1.664,0.067,71,reviewed,us,us
2025-01-26T22:39:13.301Z,53.2062,-167.2003,59,5.6,mww,107,62,0.473,0.91,us,us6000pmgt,2025-08-24T22:49:25.213Z,"86 km SSW of Unalaska, Alaska",earthquake,4.39,1.672,0.048,41,reviewed,us,us
2025-01-26T21:22:39.188Z,-7.4257,155.9675,35,5,mb,65,34,4.416,0.55,us,us6000pmgl,2025-04-08T22:01:01.040Z,"122 km NW of Gizo, Solomon Islands",earthquake,10.18,1.813,0.07,65,reviewed,us,us
2025-01-26T13:37:31.811Z,53.1558,160.054,56.129,5.1,mww,114,98,0.857,0.92,us,us6000pmfn,2025-04-08T22:01:00.040Z,"96 km E of Petropavlovsk-Kamchatsky, Russia",earthquake,9.27,5.165,0.089,12,reviewed,us,us
2025-01-26T11:24:00.496Z,-59.6215,-26.4654,91.382,5.2,mb,90,67,18.539,0.55,us,us6000pmf5,2025-04-08T22:01:00.040Z,"South Sandwich Islands region",earthquake,12.23,5.948,0.058,98,reviewed,us,us
2025-01-26T06:13:38.139Z,-17.7001,168.0872,47.197,5.3,mww,65,123,2.395,0.55,us,us6000pme3,2025-04-08T22:01:00.040Z,"24 km W of Port-Vila, Vanuatu",earthquake,9.41,6.889,0.075,17,reviewed,us,us
2025-01-25T23:38:52.789Z,23.1079,120.4471,10,5.2,mww,102,33,0.255,0.7,us,us6000pmct,2025-04-08T22:01:00.040Z,"2 km SW of Yujing, Taiwan",earthquake,5.4,1.82,0.052,35,reviewed,us,us
2025-01-25T11:49:17.031Z,23.2435,120.3972,10,5.1,mww,106,39,0.221,1.14,us,us6000pmaf,2025-04-08T22:01:00.040Z,"14 km NNW of Yujing, Taiwan",earthquake,4.84,1.825,0.068,21,reviewed,us,us
2025-01-24T18:26:51.860Z,-3.9381,150.7581,10,5.7,mww,163,28,1.301,0.46,us,us6000pm5y,2025-04-08T22:00:59.040Z,"150 km S of Kavieng, Papua New Guinea",earthquake,5.85,1.749,0.054,33,reviewed,us,us
2025-01-24T16:19:05.056Z,-18.0678,-69.3145,122.665,5.3,mww,114,56,1.022,1.09,us,us6000pm4b,2025-04-08T22:00:59.040Z,"75 km ESE of Palca, Peru",earthquake,6.47,4.96,0.047,44,reviewed,us,us
2025-01-24T04:26:55.449Z,-41.4878,-86.0291,10,5,mb,32,146,9.69,0.82,us,us6000plzg,2025-04-08T22:00:59.040Z,"West Chile Rise",earthquake,13.22,1.905,0.06,87,reviewed,us,us
2025-01-23T19:23:36.273Z,24.6223,95.093,117.542,5,mb,127,25,3.404,0.59,us,us6000plwf,2025-04-08T22:00:58.040Z,"104 km E of Wāngjing, India",earthquake,7.82,6.114,0.036,243,reviewed,us,us
2025-01-23T11:14:02.382Z,-12.7706,168.8952,598,5.6,mww,125,35,3.126,1.02,us,us6000plst,2025-04-08T22:00:58.040Z,"190 km NE of Sola, Vanuatu",earthquake,9.84,1.682,0.066,22,reviewed,us,us
2025-01-23T05:22:53.957Z,9.0286,39.9173,10,5,mb,113,90,1.23,0.63,us,us6000plrr,2025-04-08T22:00:58.040Z,"14 km N of Metahāra, Ethiopia",earthquake,8.38,1.872,0.057,98,reviewed,us,us
2025-01-23T03:41:16.038Z,7.7025,122.2079,62.013,5.4,mww,189,27,3.402,0.7,us,us6000plrc,2025-04-08T22:00:58.040Z,"8 km E of Siocon, Philippines",earthquake,8.13,6.058,0.053,34,reviewed,us,us
2025-01-22T23:39:46.093Z,10.0899,125.1492,9,5.7,mww,276,19,3.031,0.64,us,us6000plql,2025-04-08T22:00:57.040Z,"3 km NNW of San Francisco, Philippines",earthquake,7.98,1.029,0.047,43,reviewed,us,us
2025-01-22T18:26:08.550Z,-42.0886,88.2975,10,5.3,mww,85,51,24.616,0.54,us,us6000plnf,2025-04-08T22:00:57.040Z,"southeast Indian Ridge",earthquake,11.17,1.753,0.098,10,reviewed,us,us
2025-01-22T09:47:50.724Z,-20.8169,168.5583,10,5,mb,53,86,2.065,0.71,us,us6000plk7,2025-04-08T22:00:57.040Z,"107 km NE of Tadine, New Caledonia",earthquake,9.76,1.871,0.052,119,reviewed,us,us
2025-01-21T21:44:48.844Z,9.1223,40.0616,10,5.1,mww,63,91,1.384,0.45,us,us6000pli7,2025-03-29T22:12:46.040Z,"19 km NW of Āwash, Ethiopia",earthquake,7.14,1.889,0.089,12,reviewed,us,us
2025-01-21T20:38:43.257Z,39.4605,26.2965,5.618,5,mww,130,22,0.612,0.79,us,us6000plhn,2025-03-29T22:12:46.040Z,"4 km SW of Behram, Turkey",earthquake,5.26,3.393,0.051,37,reviewed,us,us
2025-01-21T20:00:51.944Z,-3.0273,148.4775,10,5.3,mww,97,83,1.479,0.76,us,us6000plhj,2025-03-29T22:12:46.040Z,"173 km SE of Lorengau, Papua New Guinea",earthquake,7.04,1.814,0.063,24,reviewed,us,us
2025-01-21T18:48:21.736Z,21.4057,121.0111,11.338,5.1,mww,148,44,1.407,0.82,us,us6000plh9,2025-03-29T22:12:46.040Z,"71 km SSE of Hengchun, Taiwan",earthquake,7.05,3.569,0.065,23,reviewed,us,us
2025-01-21T13:40:17.709Z,23.3555,-108.2944,10,5.3,mww,224,172,3.133,0.7,us,us6000plfb,2025-03-29T22:12:45.040Z,"134 km ESE of La Rivera, Mexico",earthquake,7.69,1.922,0.04,59,reviewed,us,us
2025-01-21T11:55:03.769Z,52.7426,-166.6507,10,5.2,mww,242,133,1.013,0.52,us,us6000plew,2025-08-26T12:05:08.698Z,"126 km S of Unalaska, Alaska",earthquake,3.9,1.835,0.057,30,reviewed,us,us
2025-01-21T11:15:29.924Z,-3.7665,151.551,10,5.5,mww,117,84,0.701,0.55,us,us6000plel,2025-03-29T22:12:45.040Z,"83 km NW of Rabaul, Papua New Guinea",earthquake,5.39,1.856,0.055,32,reviewed,us,us
2025-01-21T10:57:24.197Z,-3.6903,151.4789,10,5.2,mww,100,84,0.805,0.45,us,us6000plei,2025-03-29T22:12:45.040Z,"94 km NW of Rabaul, Papua New Guinea",earthquake,5.6,1.852,0.069,20,reviewed,us,us
2025-01-21T06:05:14.046Z,-27.5196,-13.4234,10,5.5,mww,93,42,13.529,0.73,us,us6000pldh,2025-03-29T22:12:45.040Z,"southern Mid-Atlantic Ridge",earthquake,10.61,1.786,0.139,5,reviewed,us,us
2025-01-21T05:47:50.406Z,13.4452,144.3602,130,5.5,mww,114,27,0.515,0.57,us,us6000pldf,2025-08-26T05:58:01.069Z,"33 km WNW of Agat Village, Guam",earthquake,8.48,1.846,0.065,23,reviewed,us,us
2025-01-21T05:36:11.488Z,-27.4672,-13.3529,10,5.1,mb,88,68,26.999,0.48,us,us6000plde,2025-03-29T22:12:45.040Z,"southern Mid-Atlantic Ridge",earthquake,6.64,1.824,0.064,80,reviewed,us,us
2025-01-21T05:13:36.180Z,-27.7265,-13.1569,10,5.2,mww,44,58,27.818,0.55,us,us6000pld9,2025-03-29T22:12:45.040Z,"southern Mid-Atlantic Ridge",earthquake,12.35,1.702,0.11,8,reviewed,us,us
2025-01-20T21:03:11.864Z,28.3855,87.5651,10,5,mb,95,39,2.102,0.7,us,us6000plbf,2025-03-29T22:12:45.040Z,"Southern Tibetan Plateau",earthquake,8.6,1.799,0.041,194,reviewed,us,us
2025-01-20T16:26:24.700Z,23.134,120.4374,10,5.1,mb,102,103,0.242,0.7,us,us6000pl8l,2025-03-29T22:12:44.040Z,"2 km WNW of Yujing, Taiwan",earthquake,5.52,1.812,0.059,94,reviewed,us,us
2025-01-20T16:17:26.812Z,23.1816,120.5448,16,6,mww,151,29,0.142,0.71,us,us6000pl8h,2025-05-08T18:02:33.757Z,"10 km NE of Yujing, Taiwan",earthquake,4.72,1.721,0.044,50,reviewed,us,us
2025-01-20T14:49:37.811Z,-23.793,-112.0023,10,5.3,mww,98,65,4.077,0.43,us,us6000pl89,2025-03-29T22:12:44.040Z,"Easter Island region",earthquake,12.49,1.786,0.073,18,reviewed,us,us
2025-01-20T14:46:13.061Z,-23.9012,-111.7931,10,5.2,mb,68,72,3.882,0.84,us,us7000pa2l,2025-03-29T22:12:48.040Z,"Easter Island region",earthquake,12.78,1.814,0.047,151,reviewed,us,us
2025-01-20T11:20:36.839Z,7.4323,91.5683,10,5.3,mww,109,33,5.777,0.63,us,us6000pl7f,2025-03-29T22:12:44.040Z,"Nicobar Islands, India region",earthquake,6.85,1.731,0.093,11,reviewed,us,us
2025-01-20T10:42:58.290Z,13.9035,120.5676,100,5.4,mww,132,18,8.389,1.12,us,us6000pl78,2025-03-29T22:12:44.040Z,"6 km WSW of Talisay, Philippines",earthquake,8.14,1.876,0.043,52,reviewed,us,us
2025-01-20T08:38:42.816Z,-11.2826,165.8611,36.358,5.5,mww,91,58,4.34,0.62,us,us6000pl6q,2025-03-29T22:12:44.040Z,"62 km S of Lata, Solomon Islands",earthquake,8.43,6.673,0.053,34,reviewed,us,us
2025-01-20T05:57:10.327Z,10.0412,91.6307,10,5,mb,114,85,7.114,0.46,us,us6000pl6c,2025-03-29T22:12:44.040Z,"217 km SW of Port Blair, India",earthquake,9.09,1.863,0.058,93,reviewed,us,us
2025-01-18T23:15:38.446Z,-58.5247,158.36,10,5,mb,34,84,4.05,1,us,us6000pl09,2025-03-29T22:12:43.040Z,"Macquarie Island region",earthquake,12.18,1.869,0.111,26,reviewed,us,us
2025-01-18T19:44:18.024Z,24.9397,123.4511,10,5,mww,70,62,0.618,0.7,us,us6000pkzg,2025-03-29T22:12:43.040Z,"69 km NE of Yonakuni, Japan",earthquake,6.4,1.881,0.056,31,reviewed,us,us
2025-01-18T19:31:29.159Z,24.9047,123.4363,10,5,mww,64,44,0.583,0.85,us,us6000pkzc,2025-03-29T22:12:43.040Z,"65 km NE of Yonakuni, Japan",earthquake,6.24,1.883,0.054,33,reviewed,us,us
2025-01-18T08:37:46.200Z,0.077,126.7355,57.508,5.1,mb,74,59,0.935,0.61,us,us6000pkwy,2025-03-29T22:12:42.040Z,"106 km SW of Ternate, Indonesia",earthquake,5.57,4.213,0.076,56,reviewed,us,us
2025-01-17T18:21:56.835Z,-6.9158,154.9649,10,5,mww,97,48,3.886,0.5,us,us6000pksw,2025-03-29T22:12:42.040Z,"87 km SW of Panguna, Papua New Guinea",earthquake,7.63,1.493,0.098,10,reviewed,us,us
2025-01-17T08:55:52.080Z,8.4942,125.8032,10,5,mb,46,113,1.433,0.95,us,us6000pkld,2025-03-29T22:12:41.040Z,"4 km NNE of Talacogon, Philippines",earthquake,7,1.875,0.075,56,reviewed,us,us
2025-01-17T01:10:18.502Z,-25.3379,-13.7576,10,5,mb,23,74,11.758,1.27,us,us6000pkla,2025-03-29T22:12:41.040Z,"southern Mid-Atlantic Ridge",earthquake,9.19,1.703,0.098,33,reviewed,us,us
2025-01-16T13:27:32.356Z,-20.8697,169.2452,28.656,5,mww,61,88,2.409,0.92,us,us6000pkeg,2025-03-29T22:12:41.040Z,"147 km S of Isangel, Vanuatu",earthquake,8.22,4.737,0.075,17,reviewed,us,us
2025-01-15T21:37:01.080Z,-10.8585,165.9976,42,5.7,mww,195,38,4.709,0.54,us,us6000pk9u,2025-03-29T22:12:40.040Z,"26 km SE of Lata, Solomon Islands",earthquake,8.75,1.832,0.057,30,reviewed,us,us
2025-01-15T12:06:36.533Z,-55.7231,-29.3834,10,5.1,mb,54,66,4.337,0.71,us,us6000pk50,2025-03-29T22:12:40.040Z,"South Sandwich Islands region",earthquake,10.71,1.867,0.079,52,reviewed,us,us
2025-01-15T07:32:20.793Z,-17.3939,168.2086,74.892,5,mww,80,27,2.163,0.75,us,us6000pk3x,2025-03-29T22:12:40.040Z,"39 km NNW of Port-Vila, Vanuatu",earthquake,7.2,5.116,0.11,8,reviewed,us,us
2025-01-15T04:20:47.191Z,-30.5465,-178.0407,40.572,5.1,mww,81,67,1.284,1.01,us,us6000pk2k,2025-03-29T22:12:39.040Z,"Kermadec Islands, New Zealand",earthquake,9.41,6.33,0.103,9,reviewed,us,us
2025-01-15T02:08:39.540Z,-2.7914,141.5504,16.416,5,mb,81,55,0.89,0.9,us,us6000pk28,2025-03-29T22:12:39.040Z,"30 km ESE of Vanimo, Papua New Guinea",earthquake,7.59,4.539,0.07,64,reviewed,us,us
2025-01-14T19:40:24.723Z,-5.0573,149.6962,391.805,5.1,mb,110,24,2.439,0.76,us,us6000pjz0,2025-03-20T20:55:30.040Z,"73 km NW of Kimbe, Papua New Guinea",earthquake,8.73,5.348,0.038,224,reviewed,us,us
2025-01-14T19:02:04.457Z,7.2664,-35.4561,10,5.6,mww,139,57,13.014,0.6,us,us6000pjym,2025-03-20T20:55:29.040Z,"central Mid-Atlantic Ridge",earthquake,10.31,1.829,0.05,39,reviewed,us,us
2025-01-14T17:12:39.509Z,31.7088,131.8103,37.94,5.3,mww,135,64,1.175,1.03,us,us6000pjxl,2025-03-20T20:55:29.040Z,"43 km ENE of Nichinan, Japan",earthquake,4.81,3.101,0.086,13,reviewed,us,us
2025-01-14T14:55:56.553Z,8.7904,40.0596,10,5,mb,129,59,1.368,0.64,us,us6000pjx5,2025-03-20T20:55:28.040Z,"19 km SE of Metahāra, Ethiopia",earthquake,7.57,1.804,0.051,121,reviewed,us,us
2025-01-14T14:09:23.297Z,-4.5162,-104.9945,10,5.2,mww,156,81,14.577,0.69,us,us6000pjx0,2025-03-20T20:55:27.040Z,"central East Pacific Rise",earthquake,12.45,1.87,0.08,15,reviewed,us,us
2025-01-14T08:05:21.537Z,64.6751,-17.4925,10,5.2,mww,117,42,1.648,0.76,us,us6000pjw8,2025-03-20T20:55:26.040Z,"115 km SSE of Akureyri, Iceland",earthquake,7.17,1.784,0.046,46,reviewed,us,us
2025-01-14T04:12:22.044Z,-16.2905,-175.4253,322.588,5,mb,134,28,4.241,0.48,us,us6000pjvf,2025-03-20T20:55:25.040Z,"178 km WSW of Hihifo, Tonga",earthquake,10.53,5.379,0.04,196,reviewed,us,us
2025-01-13T17:52:08.992Z,-31.5501,57.9047,10,5,mb,69,95,10.517,0.59,us,us6000pjqv,2025-03-20T20:55:22.040Z,"Southwest Indian Ridge",earthquake,5.93,1.741,0.072,61,reviewed,us,us
2025-01-13T16:14:57.255Z,32.0119,131.7181,40.319,5.2,mb,110,87,1.189,1.04,us,us6000pjqa,2025-03-20T20:55:22.040Z,"24 km ESE of Takanabe, Japan",earthquake,6.28,6.272,0.046,152,reviewed,us,us
2025-01-13T12:58:22.257Z,28.4815,87.4058,10,5.1,mb,90,39,3.477,1.01,us,us6000pjpb,2025-03-20T20:55:21.040Z,"Southern Tibetan Plateau",earthquake,4.03,1.766,0.072,63,reviewed,us,us
2025-01-13T12:57:37.995Z,28.405,87.3079,10,5,mb,115,35,3.585,1.11,us,us6000pjp9,2025-03-20T20:55:21.040Z,"Southern Tibetan Plateau",earthquake,8.04,1.772,0.053,113,reviewed,us,us
2025-01-13T12:54:37.585Z,-2.8165,139.6574,51.782,5,mb,62,46,1.087,1.03,us,us6000pjp8,2025-03-20T20:55:21.040Z,"111 km WSW of Abepura, Indonesia",earthquake,5.77,6.289,0.072,62,reviewed,us,us
2025-01-13T12:24:06.542Z,7.1442,-35.2157,10,5.4,mww,38,71,12.903,0.89,us,us6000pjp4,2025-03-20T20:55:21.040Z,"central Mid-Atlantic Ridge",earthquake,12.02,1.905,0.11,8,reviewed,us,us
2025-01-13T12:19:32.252Z,31.8326,131.5525,39,6.8,mww,151,18,0.992,1.07,us,us6000pjny,2025-03-20T20:55:21.040Z,"15 km SE of Miyazaki, Japan",earthquake,3.7,1.827,0.033,87,reviewed,us,us
2025-01-13T11:41:09.141Z,5.5763,125.0964,37.472,5,mb,84,42,0.92,0.63,us,us6000pjnv,2025-03-20T20:55:20.040Z,"23 km SW of Burias, Philippines",earthquake,6.19,5.33,0.055,107,reviewed,us,us
2025-01-13T07:08:04.121Z,-6.2425,146.9358,67.616,5,mww,139,35,3.149,0.73,us,us6000pjn2,2025-03-20T20:55:19.040Z,"53 km N of Lae, Papua New Guinea",earthquake,7.26,6.408,0.098,10,reviewed,us,us
2025-01-13T02:20:54.549Z,-2.2781,-79.7517,90.55,5,mww,177,54,0.528,0.61,us,us6000pjm2,2025-05-14T21:24:28.768Z,"16 km SE of Eloy Alfaro, Ecuador",earthquake,8.36,4.371,0.061,26,reviewed,us,us
2025-01-13T00:19:47.641Z,6.6712,123.8527,541.546,5.4,mww,123,24,1.759,0.63,us,us6000pjlq,2025-03-20T20:55:17.040Z,"20 km W of Taguisa, Philippines",earthquake,9.63,5.69,0.083,14,reviewed,us,us
2025-01-12T15:03:57.239Z,-17.8504,-178.4485,608.249,5,mb,78,72,2.492,0.67,us,us6000pjk4,2025-03-20T20:55:14.040Z,"237 km E of Levuka, Fiji",earthquake,12.47,6.992,0.053,112,reviewed,us,us
2025-01-12T08:32:49.944Z,18.5019,-103.3631,39,6.2,mww,84,90,0.901,1.38,us,us6000pjig,2025-03-20T20:55:12.040Z,"18 km SE of Aquila, Mexico",earthquake,6.47,1.934,0.032,96,reviewed,us,us
2025-01-11T20:21:15.676Z,-32.4958,-177.7964,10,5,mb,40,83,3.225,1.2,us,us6000pjg3,2025-03-20T20:55:09.040Z,"south of the Kermadec Islands",earthquake,9.49,1.877,0.09,40,reviewed,us,us
2025-01-11T20:13:28.437Z,-16.2385,-173.1676,35,5.1,mb,59,117,2.675,1.08,us,us6000pjg2,2025-03-20T20:55:09.040Z,"74 km ESE of Hihifo, Tonga",earthquake,12.61,1.844,0.083,47,reviewed,us,us
2025-01-11T15:19:44.936Z,9.0553,39.9906,10,5.2,mww,147,42,1.305,1.2,us,us6000pjfb,2025-03-20T20:55:08.040Z,"19 km NNE of Metahāra, Ethiopia",earthquake,7.83,1.828,0.066,22,reviewed,us,us
2025-01-11T07:51:49.299Z,13.7311,145.0762,99.185,5,mb,166,73,0.246,0.56,us,us6000pjed,2025-08-23T08:02:01.930Z,"29 km NE of Yigo Village, Guam",earthquake,8.3,1.211,0.046,149,reviewed,us,us
2025-01-11T00:19:00.999Z,9.3085,40.0117,10,5.2,mww,68,57,1.378,1.05,us,us6000pjby,2025-03-20T20:55:04.040Z,"39 km NNW of Āwash, Ethiopia",earthquake,6.96,1.717,0.069,20,reviewed,us,us
2025-01-10T14:31:33.406Z,-35.9604,-102.8916,10,5.2,mww,42,88,10.377,0.94,us,us6000pj66,2025-03-20T20:55:01.040Z,"southeast of Easter Island",earthquake,8.86,1.895,0.103,9,reviewed,us,us
2025-01-10T08:14:32.949Z,5.9461,-77.4683,18,5.6,mww,81,91,1.944,0.65,us,us6000pj4s,2025-03-20T20:54:59.040Z,"31 km SSW of Bahía Solano, Colombia",earthquake,7.09,1.851,0.052,36,reviewed,us,us
2025-01-10T01:34:40.147Z,-19.6161,-175.0999,11.931,5.3,mb,90,73,4.913,1.1,us,us6000pj2q,2025-03-20T20:54:58.040Z,"81 km WNW of Pangai, Tonga",earthquake,9.11,3.75,0.064,82,reviewed,us,us
2025-01-09T16:31:45.323Z,13.599,-89.7339,95,5.8,mww,169,37,0.304,1.05,us,us6000pixh,2025-03-20T20:54:55.040Z,"10 km E of Acajutla, El Salvador",earthquake,6.07,1.88,0.034,85,reviewed,us,us
2025-01-09T02:43:58.720Z,-18.2902,167.6443,10,5,mww,36,114,2.859,0.67,us,us6000pisp,2025-03-20T20:54:51.040Z,"93 km SW of Port-Vila, Vanuatu",earthquake,8.9,1.902,0.093,11,reviewed,us,us
2025-01-08T21:31:26.393Z,-59.8945,-61.3142,10,5.3,mww,121,39,5.061,0.61,us,us6000piqu,2025-03-20T20:54:50.040Z,"Drake Passage",earthquake,8.72,1.766,0.08,15,reviewed,us,us
2025-01-08T14:15:59.970Z,53.1123,-35.0308,10,5,mb,177,73,10.782,0.44,us,us6000piks,2025-03-20T20:54:48.040Z,"Reykjanes Ridge",earthquake,9.57,1.865,0.042,184,reviewed,us,us
2025-01-08T07:44:22.866Z,34.8006,97.4685,10,5.5,mww,106,57,5.216,0.62,us,us6000pijd,2025-03-20T20:54:47.040Z,"Southern Qinghai, China",earthquake,8.9,1.805,0.065,23,reviewed,us,us
2025-01-08T03:51:21.676Z,28.4359,87.3648,10,5,mb,133,39,3.527,0.81,us,us6000piij,2025-03-20T20:54:46.040Z,"Southern Tibetan Plateau",earthquake,8.4,1.839,0.05,127,reviewed,us,us
2025-01-08T00:53:28.175Z,9.0271,40.0639,10,5.3,mww,101,79,1.374,0.72,us,us6000pihw,2025-03-20T20:54:45.040Z,"12 km WNW of Āwash, Ethiopia",earthquake,9.51,1.868,0.062,25,reviewed,us,us
2025-01-07T17:52:21.671Z,-8.2744,119.3325,10,5,mb,62,73,1.634,0.82,us,us6000pifl,2025-03-17T21:35:12.040Z,"38 km NNW of Komodo, Indonesia",earthquake,5.55,1.804,0.082,47,reviewed,us,us
2025-01-07T17:23:48.611Z,24.2827,142.0996,534.482,5.3,mww,164,24,2.802,0.67,us,us6000pife,2025-03-17T21:35:11.040Z,"Volcano Islands, Japan region",earthquake,8.17,5.267,0.098,10,reviewed,us,us
2025-01-07T16:38:59.524Z,-37.6508,77.9555,10,5.2,mww,112,28,0.339,0.66,us,us6000pifb,2025-03-17T21:35:11.040Z,"Mid-Indian Ridge",earthquake,7.29,1.761,0.103,9,reviewed,us,us
2025-01-07T08:31:30.553Z,31.6194,138.4289,358,5.6,mww,139,32,1.897,0.67,us,us6000pida,2025-03-17T21:35:08.040Z,"Izu Islands, Japan region",earthquake,8.3,1.908,0.083,14,reviewed,us,us
2025-01-07T04:15:30.187Z,-17.6376,-176.843,370.004,5,mb,146,77,3.532,0.6,us,us6000pic9,2025-03-17T21:35:06.040Z,"Fiji region",earthquake,11.15,5.696,0.052,121,reviewed,us,us
2025-01-07T01:37:13.647Z,28.7969,87.2321,10,5,mb,88,44,3.522,0.68,us,us6000piar,2025-03-17T21:35:02.040Z,"Southern Tibetan Plateau",earthquake,9.31,1.802,0.062,82,reviewed,us,us
2025-01-07T01:24:25.911Z,28.4845,87.4575,10,5,mb,110,88,3.434,0.51,us,us6000piak,2025-03-17T21:35:01.040Z,"Southern Tibetan Plateau",earthquake,9.47,1.852,0.056,106,reviewed,us,us
2025-01-07T01:14:42.239Z,28.5282,87.356,10,5.2,mb,97,60,3.501,0.44,us,us6000pkpp,2025-03-17T21:35:01.040Z,"83 km NE of Lobuche, Nepal",earthquake,9.78,1.754,0.065,79,reviewed,us,us
2025-01-07T01:13:27.197Z,28.4421,87.4659,10,5.2,mb,72,82,3.443,0.6,us,us6000pia7,2025-03-17T21:35:00.040Z,"Southern Tibetan Plateau",earthquake,9.27,1.856,0.072,63,reviewed,us,us
2025-01-07T01:10:54.880Z,28.8057,87.1343,10,5.2,mb,15,177,3.602,0.66,us,us6000pks6,2025-03-17T21:35:00.040Z,"100 km NNE of Lobuche, Nepal",earthquake,9.18,1.859,0.159,13,reviewed,us,us
2025-01-07T01:09:13.529Z,28.7537,87.1968,10,5.4,mb,30,64,3.563,0.35,us,us6000pks1,2025-03-17T21:35:00.040Z,"96 km NNE of Lobuche, Nepal",earthquake,9.8,1.849,0.09,42,reviewed,us,us
2025-01-07T01:05:16.734Z,28.6036,87.3781,10,7.1,mww,315,17,3.458,0.56,us,us6000pi9w,2025-08-11T06:50:22.632Z,"2025 Southern Tibetan Plateau Earthquake",earthquake,8.15,1.74,0.039,63,reviewed,us,us
2025-01-06T21:20:45.820Z,-17.9111,167.9443,35,5,mww,54,110,2.551,0.55,us,us6000pi8v,2025-03-17T21:34:59.040Z,"43 km WSW of Port-Vila, Vanuatu",earthquake,8.94,1.883,0.093,11,reviewed,us,us
2025-01-06T16:59:50.092Z,28.1592,52.3922,10,5.2,mww,106,54,4.679,0.56,us,us6000pi7c,2025-03-17T21:34:57.040Z,"77 km SSW of Fīrūzābād, Iran",earthquake,7.27,1.644,0.073,18,reviewed,us,us
2025-01-06T16:44:39.772Z,35.8134,142.081,10,5.1,mww,95,56,3.216,0.7,us,us6000pi7a,2025-03-17T21:34:57.040Z,"113 km E of Hasaki, Japan",earthquake,7.65,1.824,0.059,28,reviewed,us,us
2025-01-06T15:26:46.849Z,33.4298,87.0306,10,5.2,mb,124,36,5.101,0.75,us,us6000pi67,2025-03-17T21:34:56.040Z,"Tibetan Plateau",earthquake,8.33,1.777,0.046,157,reviewed,us,us
2025-01-06T00:52:11.514Z,-10.734,161.868,97.196,5.2,mww,100,31,2.288,0.6,us,us6000pi39,2025-03-17T21:34:49.040Z,"31 km S of Kirakira, Solomon Islands",earthquake,10.01,4.659,0.093,11,reviewed,us,us
2025-01-05T17:24:43.116Z,-3.7391,151.6914,10,5,mww,82,81,0.651,0.68,us,us6000pi0k,2025-03-17T21:34:46.040Z,"73 km NW of Rabaul, Papua New Guinea",earthquake,6.59,1.871,0.089,12,reviewed,us,us
2025-01-05T17:18:45.784Z,13.0007,-89.1775,46,6.2,mww,131,79,0.746,1.19,us,us6000pi09,2025-07-08T02:40:56.950Z,"56 km SSE of La Libertad, El Salvador",earthquake,6.61,1.95,0.037,70,reviewed,us,us
2025-01-05T09:16:42.355Z,6.4682,126.5325,132.697,5.1,mww,107,37,1.12,0.68,us,us6000phz2,2025-03-17T21:34:44.040Z,"40 km ENE of Pondaguitan, Philippines",earthquake,7.29,5.669,0.065,23,reviewed,us,us
2025-01-04T22:23:37.252Z,-16.1014,167.4828,36.934,5.3,mww,76,74,0.704,0.8,us,us6000phws,2025-03-17T21:34:40.040Z,"7 km E of Lakatoro, Vanuatu",earthquake,7.4,7.123,0.083,14,reviewed,us,us
2025-01-04T20:05:45.606Z,9.2988,40.1365,10,5,mb,104,34,1.494,0.62,us,us6000phw1,2025-03-17T21:34:39.040Z,"35 km N of Āwash, Ethiopia",earthquake,8.36,1.858,0.056,104,reviewed,us,us
2025-01-04T00:52:21.078Z,9.4591,40.1219,8,5.7,mww,112,33,1.53,0.92,us,us6000phrk,2025-03-17T21:34:31.040Z,"52 km N of Āwash, Ethiopia",earthquake,8.29,1.832,0.056,31,reviewed,us,us
2025-01-03T22:55:26.242Z,-27.9633,63.4991,10,5,mww,89,49,8.171,0.93,us,us6000phr5,2025-03-17T21:34:31.040Z,"Southwest Indian Ridge",earthquake,9.25,1.824,0.11,8,reviewed,us,us
2025-01-03T17:01:46.324Z,9.3575,40.3457,10,5.5,mww,167,34,1.708,0.63,us,us6000phnz,2025-03-17T21:34:28.040Z,"45 km NNE of Āwash, Ethiopia",earthquake,6.23,1.831,0.08,15,reviewed,us,us
2025-01-03T14:27:16.790Z,9.0119,39.7855,10,5.2,mww,70,151,1.099,0.7,us,us6000phl5,2025-03-17T21:34:27.040Z,"19 km NW of Metahāra, Ethiopia",earthquake,10.59,1.984,0.066,22,reviewed,us,us
2025-01-03T04:32:38.138Z,24.9577,95.5118,154.635,5,mb,84,63,3.775,0.69,us,us6000phdf,2025-03-17T21:34:23.040Z,"128 km SE of Phek, India",earthquake,7.39,6.46,0.069,68,reviewed,us,us
2025-01-03T02:33:17.419Z,-58.7696,-25.9578,86,5.5,mww,135,38,7.353,0.7,us,us6000phce,2025-03-17T21:34:22.040Z,"South Sandwich Islands region",earthquake,10.39,1.885,0.086,13,reviewed,us,us
2025-01-03T01:47:28.923Z,-3.7423,151.7104,10,5.1,mww,104,86,0.635,0.92,us,us6000phc9,2025-03-17T21:34:21.040Z,"71 km NW of Rabaul, Papua New Guinea",earthquake,6.85,1.787,0.08,15,reviewed,us,us
2025-01-02T21:18:26.833Z,9.4426,40.2761,10,5.4,mww,108,44,1.667,0.82,us,us6000phb3,2025-03-17T21:34:19.040Z,"52 km NNE of Āwash, Ethiopia",earthquake,4.44,1.87,0.127,6,reviewed,us,us
2025-01-02T20:43:35.253Z,-21.7109,-69.1069,99,6.1,mww,106,57,0.152,1.03,us,us6000phap,2025-03-17T21:34:19.040Z,"84 km NNW of Calama, Chile",earthquake,4.9,1.884,0.035,79,reviewed,us,us
2025-01-02T15:57:07.193Z,-3.9094,151.6398,19.054,5,mww,103,41,0.593,0.83,us,us6000ph9f,2025-03-17T21:34:17.040Z,"66 km WNW of Rabaul, Papua New Guinea",earthquake,6.54,1.302,0.086,13,reviewed,us,us
2025-01-02T07:41:30.364Z,9.2824,40.1383,10,5.1,mww,96,91,1.491,0.46,us,us6000ph1c,2025-03-17T21:34:14.040Z,"33 km N of Āwash, Ethiopia",earthquake,7.08,1.865,0.093,11,reviewed,us,us
2025-01-02T07:06:39.333Z,-3.7199,151.7189,10,5.4,mww,78,110,0.645,0.69,us,us6000ph16,2025-03-17T21:34:14.040Z,"72 km NW of Rabaul, Papua New Guinea",earthquake,7.52,1.887,0.05,38,reviewed,us,us
2025-01-02T05:32:23.434Z,-0.2006,125.1945,56.271,5.1,mb,113,48,1.672,0.78,us,us6000ph0e,2025-03-17T21:34:13.040Z,"110 km SE of Modisi, Indonesia",earthquake,6.2,6.975,0.058,97,reviewed,us,us
2025-01-02T02:54:17.931Z,-62.3342,155.7048,10,5.5,mww,39,138,8.039,0.7,us,us6000pgzq,2025-03-17T21:34:12.040Z,"Balleny Islands region",earthquake,11.83,1.932,0.098,10,reviewed,us,us
2025-01-02T01:11:04.639Z,-21.3225,-173.8784,10,5.1,mb,43,102,4.332,1,us,us6000pgz5,2025-03-17T21:34:11.040Z,"111 km E of ‘Ohonua, Tonga",earthquake,10.36,1.927,0.084,46,reviewed,us,us
2025-01-01T21:27:41.595Z,-42.4343,-16.0574,10,5.2,mb,143,36,6.085,0.71,us,us6000pgy5,2025-03-17T21:34:10.040Z,"southern Mid-Atlantic Ridge",earthquake,9.79,1.763,0.052,121,reviewed,us,us
2025-01-01T18:27:51.182Z,-36.1244,-100.6636,10,5.3,mww,147,48,11.615,0.58,us,us6000pgx1,2025-03-17T21:34:07.040Z,"southeast of Easter Island",earthquake,10.04,1.789,0.078,16,reviewed,us,us
2025-01-01T13:48:24.752Z,-56.4095,-26.7059,70,6.1,mww,216,28,5.973,0.59,us,us6000pgv4,2025-03-17T21:34:04.040Z,"South Sandwich Islands region",earthquake,9.17,1.85,0.063,24,reviewed,us,us
2025-01-01T12:26:22.490Z,-3.7219,151.6971,10,5.1,mww,29,152,0.659,0.83,us,us6000pgup,2025-03-17T21:34:03.040Z,"74 km NW of Rabaul, Papua New Guinea",earthquake,8.31,1.923,0.066,22,reviewed,us,us
2025-01-01T09:39:42.334Z,-3.8338,151.7147,10,5,mww,87,100,0.571,0.51,us,us6000pgu0,2025-03-17T21:34:02.040Z,"64 km NW of Rabaul, Papua New Guinea",earthquake,7.38,1.905,0.093,11,reviewed,us,us
2025-01-01T08:09:47.701Z,9.0855,40.0976,10,5,mww,59,126,1.413,0.68,us,us6000pgtj,2025-03-17T21:34:01.040Z,"13 km NW of Āwash, Ethiopia",earthquake,9.14,1.921,0.089,12,reviewed,us,us
2025-01-01T04:39:18.208Z,-20.9273,169.3819,22,5.5,mww,152,81,2.459,0.56,us,us6000pgsd,2025-03-17T21:34:00.040Z,"153 km S of Isangel, Vanuatu",earthquake,8.05,1.909,0.058,29,reviewed,us,us
